policy_no,tenant_id,company_name,start_date,end_date
2021007,1,Tata Renatal Insurence,5/1/2021,4/30/2022
2021008,2,Bharthi Swagruh Policy,4/28/2021,2/28/2022
2021011,3,Shiram Home Insurence,4/29/2021,4/9/2022
2021015,4,Aditya Birla Insurence,5/3/2021,3/11/2022
2021016,5,SBI Home Insurence,5/2/2021,5/9/2022
2021019,6,Relaince Rental Insurence,5/1/2021,5/10/2022
2021022,7,Aditya Birla Insurence,5/3/2021,4/18/2022
2021023,8,HDFC ERGO Insurence,5/2/2021,3/7/2022
2021024,9,Tata Renatal Insurence,5/6/2021,5/11/2022
2021033,10,Tata Renatal Insurence,5/12/2021,4/9/2022
2021034,11,Aditya Birla Insurence,5/9/2021,5/5/2022
2021035,12,Aditya Birla Insurence,5/14/2021,12/25/2021
2021046,13,ICICI Rental Insurence,5/13/2021,3/3/2022
2021050,14,Bharthi Swagruh Policy,5/17/2021,4/18/2022
2021054,15,Tata Renatal Insurence,5/18/2021,4/16/2022
2021061,16,Bharthi Swagruh Policy,5/18/2021,2/25/2022
2021064,17,ICICI Rental Insurence,5/21/2021,5/5/2022
2021067,18,Relaince Rental Insurence,5/22/2021,4/11/2022
2021069,19,SBI Home Insurence,5/21/2021,2/14/2022
2021070,20,Bharthi Swagruh Policy,5/24/2021,4/23/2022
2021078,21,Relaince Rental Insurence,5/24/2021,5/23/2022
2021082,22,HDFC ERGO Insurence,5/22/2021,3/25/2022
2021084,23,Relaince Rental Insurence,5/24/2021,4/3/2022
2021099,24,HDFC ERGO Insurence,5/26/2021,4/18/2022
2021109,25,Aditya Birla Insurence,5/27/2021,4/22/2022
2021112,26,ICICI Rental Insurence,5/27/2021,4/10/2022
2021119,27,ICICI Rental Insurence,5/26/2021,2/7/2022
2021120,28,ICICI Rental Insurence,6/1/2021,4/5/2022
2021122,29,Aditya Birla Insurence,6/1/2021,2/4/2022
2021133,30,Bharthi Swagruh Policy,5/28/2021,3/15/2022
2021137,31,Shiram Home Insurence,6/1/2021,4/3/2022
2021138,32,SBI Home Insurence,5/28/2021,3/29/2022
2021144,33,Relaince Rental Insurence,6/3/2021,3/25/2022
2021146,34,Bharthi Swagruh Policy,6/5/2021,4/7/2022
2021151,35,Aditya Birla Insurence,6/5/2021,1/12/2022
2021155,36,Tata Renatal Insurence,6/11/2021,4/20/2022
2021168,37,HDFC ERGO Insurence,6/7/2021,5/4/2022
2021173,38,ICICI Rental Insurence,6/8/2021,4/7/2022
2021177,39,HDFC ERGO Insurence,6/15/2021,4/14/2022
2021180,40,ICICI Rental Insurence,6/18/2021,12/11/2021
2021188,41,ICICI Rental Insurence,6/15/2021,2/26/2022
2021190,42,Shiram Home Insurence,6/17/2021,3/14/2022
2021194,43,ICICI Rental Insurence,6/23/2021,5/21/2022
2021198,44,Tata Renatal Insurence,6/24/2021,12/28/2021
2021199,45,Shiram Home Insurence,6/22/2021,4/26/2022
2021200,46,Relaince Rental Insurence,6/28/2021,5/16/2022
2021203,47,HDFC ERGO Insurence,6/22/2021,3/15/2022
2021204,48,Bharthi Swagruh Policy,6/23/2021,3/10/2022
2021209,49,Shiram Home Insurence,6/27/2021,3/11/2022
2021211,50,SBI Home Insurence,6/26/2021,4/20/2022
2021213,51,Tata Renatal Insurence,6/26/2021,3/3/2022
2021216,52,HDFC ERGO Insurence,6/26/2021,2/28/2022
2021219,53,HDFC ERGO Insurence,6/28/2021,3/26/2022
2021224,54,SBI Home Insurence,6/26/2021,4/23/2022
2021228,55,SBI Home Insurence,6/28/2021,3/25/2022
2021241,56,Aditya Birla Insurence,7/1/2021,3/9/2022
2021243,57,Aditya Birla Insurence,7/2/2021,3/28/2022
2021244,58,SBI Home Insurence,6/30/2021,2/10/2022
2021247,59,Shiram Home Insurence,6/30/2021,5/12/2022
2021248,60,SBI Home Insurence,7/2/2021,4/18/2022
2021254,61,ICICI Rental Insurence,7/3/2021,5/3/2022
2021260,62,Bharthi Swagruh Policy,7/7/2021,4/3/2022
2021268,63,Relaince Rental Insurence,7/8/2021,4/27/2022
2021274,64,HDFC ERGO Insurence,7/10/2021,5/5/2022
2021277,65,ICICI Rental Insurence,7/11/2021,3/28/2022
2021278,66,ICICI Rental Insurence,7/10/2021,5/9/2022
2021279,67,SBI Home Insurence,7/8/2021,2/14/2022
2021282,68,Relaince Rental Insurence,7/13/2021,2/20/2022
2021283,69,Relaince Rental Insurence,7/12/2021,2/23/2022
2021292,70,ICICI Rental Insurence,7/9/2021,4/29/2022
2021293,71,Shiram Home Insurence,7/11/2021,2/21/2022
2021294,72,HDFC ERGO Insurence,7/9/2021,4/17/2022
2021296,73,Tata Renatal Insurence,7/10/2021,4/3/2022
2021298,74,Relaince Rental Insurence,7/10/2021,5/6/2022
2021300,75,HDFC ERGO Insurence,7/15/2021,5/10/2022
2021301,76,Relaince Rental Insurence,7/14/2021,4/27/2022
2021303,77,SBI Home Insurence,7/13/2021,4/3/2022
2021304,78,SBI Home Insurence,7/12/2021,2/8/2022
2021305,79,Relaince Rental Insurence,7/15/2021,5/7/2022
2021310,80,Tata Renatal Insurence,7/14/2021,2/10/2022
2021311,81,ICICI Rental Insurence,7/16/2021,2/24/2022
2021315,82,HDFC ERGO Insurence,7/14/2021,2/24/2022
2021321,83,HDFC ERGO Insurence,7/15/2021,3/29/2022
2021325,84,Bharthi Swagruh Policy,7/17/2021,4/3/2022
2021326,85,Relaince Rental Insurence,7/16/2021,1/9/2022
2021328,86,Shiram Home Insurence,7/20/2021,3/17/2022
2021336,87,Shiram Home Insurence,7/19/2021,4/13/2022
2021344,88,Shiram Home Insurence,7/17/2021,2/17/2022
2021345,89,Bharthi Swagruh Policy,7/22/2021,4/1/2022
2021350,90,ICICI Rental Insurence,7/16/2021,3/17/2022
2021357,91,ICICI Rental Insurence,7/22/2021,2/7/2022
2021358,92,Aditya Birla Insurence,7/20/2021,4/30/2022
2021366,93,ICICI Rental Insurence,7/20/2021,2/17/2022
2021368,94,SBI Home Insurence,7/21/2021,5/14/2022
2021369,95,HDFC ERGO Insurence,7/27/2021,4/5/2022
2021373,96,ICICI Rental Insurence,7/24/2021,2/23/2022
2021380,97,Tata Renatal Insurence,7/26/2021,5/7/2022
2021389,98,HDFC ERGO Insurence,7/31/2021,5/4/2022
2021398,99,ICICI Rental Insurence,7/30/2021,3/24/2022
2021399,100,HDFC ERGO Insurence,7/31/2021,4/14/2022
2021400,101,HDFC ERGO Insurence,8/1/2021,2/26/2022
2021404,102,Shiram Home Insurence,8/7/2021,4/20/2022
2021411,103,Relaince Rental Insurence,8/4/2021,4/22/2022
2021417,104,ICICI Rental Insurence,8/4/2021,3/7/2022
2021420,105,Shiram Home Insurence,8/9/2021,4/12/2022
2021422,106,Relaince Rental Insurence,8/5/2021,2/13/2022
2021429,107,ICICI Rental Insurence,8/4/2021,3/30/2022
2021441,108,Bharthi Swagruh Policy,8/9/2021,2/16/2022
2021442,109,Relaince Rental Insurence,8/11/2021,4/16/2022
2021444,110,Shiram Home Insurence,8/11/2021,3/24/2022
2021445,111,Aditya Birla Insurence,8/18/2021,4/13/2022
2021450,112,Shiram Home Insurence,8/18/2021,3/9/2022
2021454,113,Shiram Home Insurence,8/16/2021,4/19/2022
2021459,114,HDFC ERGO Insurence,8/13/2021,3/5/2022
2021461,115,Aditya Birla Insurence,8/14/2021,3/9/2022
2021466,116,Relaince Rental Insurence,8/16/2021,3/2/2022
2021467,117,Relaince Rental Insurence,8/20/2021,3/28/2022
2021469,118,Relaince Rental Insurence,8/19/2021,2/6/2022
2021470,119,Shiram Home Insurence,8/15/2021,3/20/2022
2021472,120,HDFC ERGO Insurence,8/21/2021,4/9/2022
2021479,121,Aditya Birla Insurence,8/20/2021,2/26/2022
2021483,122,HDFC ERGO Insurence,8/23/2021,4/15/2022
2021484,123,Shiram Home Insurence,8/25/2021,4/28/2022
2021485,124,Bharthi Swagruh Policy,8/25/2021,4/27/2022
2021488,125,Shiram Home Insurence,8/24/2021,5/19/2022
2021491,126,Bharthi Swagruh Policy,8/22/2021,3/14/2022
2021492,127,Shiram Home Insurence,8/25/2021,4/30/2022
2021493,128,Shiram Home Insurence,8/22/2021,3/18/2022
2021494,129,HDFC ERGO Insurence,8/30/2021,4/23/2022
